ID,Income,Happy
1,above  ,not
2,above  ,not
3,above  ,not
4,above  ,not
5,above  ,not
6,above  ,not
7,above  ,not
8,above  ,not
9,above  ,not
10,above  ,not
11,above  ,not
12,above  ,not
13,above  ,not
14,above  ,not
15,above  ,not
16,above  ,not
17,above  ,not
18,above  ,not
19,above  ,not
20,above  ,not
21,above  ,not
22,above  ,not
23,above  ,not
24,above  ,not
25,above  ,not
26,above  ,not
27,above  ,not
28,above  ,not
29,above  ,not
30,above  ,pretty
31,above  ,pretty
32,above  ,pretty
33,above  ,pretty
34,above  ,pretty
35,above  ,pretty
36,above  ,pretty
37,above  ,pretty
38,above  ,pretty
39,above  ,pretty
40,above  ,pretty
41,above  ,pretty
42,above  ,pretty
43,above  ,pretty
44,above  ,pretty
45,above  ,pretty
46,above  ,pretty
47,above  ,pretty
48,above  ,pretty
49,above  ,pretty
50,above  ,pretty
51,above  ,pretty
52,above  ,pretty
53,above  ,pretty
54,above  ,pretty
55,above  ,pretty
56,above  ,pretty
57,above  ,pretty
58,above  ,pretty
59,above  ,pretty
60,above  ,pretty
61,above  ,pretty
62,above  ,pretty
63,above  ,pretty
64,above  ,pretty
65,above  ,pretty
66,above  ,pretty
67,above  ,pretty
68,above  ,pretty
69,above  ,pretty
70,above  ,pretty
71,above  ,pretty
72,above  ,pretty
73,above  ,pretty
74,above  ,pretty
75,above  ,pretty
76,above  ,pretty
77,above  ,pretty
78,above  ,pretty
79,above  ,pretty
80,above  ,pretty
81,above  ,pretty
82,above  ,pretty
83,above  ,pretty
84,above  ,pretty
85,above  ,pretty
86,above  ,pretty
87,above  ,pretty
88,above  ,pretty
89,above  ,pretty
90,above  ,pretty
91,above  ,pretty
92,above  ,pretty
93,above  ,pretty
94,above  ,pretty
95,above  ,pretty
96,above  ,pretty
97,above  ,pretty
98,above  ,pretty
99,above  ,pretty
100,above  ,pretty
101,above  ,pretty
102,above  ,pretty
103,above  ,pretty
104,above  ,pretty
105,above  ,pretty
106,above  ,pretty
107,above  ,pretty
108,above  ,pretty
109,above  ,pretty
110,above  ,pretty
111,above  ,pretty
112,above  ,pretty
113,above  ,pretty
114,above  ,pretty
115,above  ,pretty
116,above  ,pretty
117,above  ,pretty
118,above  ,pretty
119,above  ,pretty
120,above  ,pretty
121,above  ,pretty
122,above  ,pretty
123,above  ,pretty
124,above  ,pretty
125,above  ,pretty
126,above  ,pretty
127,above  ,pretty
128,above  ,pretty
129,above  ,pretty
130,above  ,pretty
131,above  ,pretty
132,above  ,pretty
133,above  ,pretty
134,above  ,pretty
135,above  ,pretty
136,above  ,pretty
137,above  ,pretty
138,above  ,pretty
139,above  ,pretty
140,above  ,pretty
141,above  ,pretty
142,above  ,pretty
143,above  ,pretty
144,above  ,pretty
145,above  ,pretty
146,above  ,pretty
147,above  ,pretty
148,above  ,pretty
149,above  ,pretty
150,above  ,pretty
151,above  ,pretty
152,above  ,pretty
153,above  ,pretty
154,above  ,pretty
155,above  ,pretty
156,above  ,pretty
157,above  ,pretty
158,above  ,pretty
159,above  ,pretty
160,above  ,pretty
161,above  ,pretty
162,above  ,pretty
163,above  ,pretty
164,above  ,pretty
165,above  ,pretty
166,above  ,pretty
167,above  ,pretty
168,above  ,pretty
169,above  ,pretty
170,above  ,pretty
171,above  ,pretty
172,above  ,pretty
173,above  ,pretty
174,above  ,pretty
175,above  ,pretty
176,above  ,pretty
177,above  ,pretty
178,above  ,pretty
179,above  ,pretty
180,above  ,pretty
181,above  ,pretty
182,above  ,pretty
183,above  ,pretty
184,above  ,pretty
185,above  ,pretty
186,above  ,pretty
187,above  ,pretty
188,above  ,pretty
189,above  ,pretty
190,above  ,pretty
191,above  ,pretty
192,above  ,pretty
193,above  ,pretty
194,above  ,pretty
195,above  ,pretty
196,above  ,pretty
197,above  ,pretty
198,above  ,pretty
199,above  ,pretty
200,above  ,pretty
201,above  ,pretty
202,above  ,pretty
203,above  ,pretty
204,above  ,pretty
205,above  ,pretty
206,above  ,pretty
207,above  ,pretty
208,above  ,very
209,above  ,very
210,above  ,very
211,above  ,very
212,above  ,very
213,above  ,very
214,above  ,very
215,above  ,very
216,above  ,very
217,above  ,very
218,above  ,very
219,above  ,very
220,above  ,very
221,above  ,very
222,above  ,very
223,above  ,very
224,above  ,very
225,above  ,very
226,above  ,very
227,above  ,very
228,above  ,very
229,above  ,very
230,above  ,very
231,above  ,very
232,above  ,very
233,above  ,very
234,above  ,very
235,above  ,very
236,above  ,very
237,above  ,very
238,above  ,very
239,above  ,very
240,above  ,very
241,above  ,very
242,above  ,very
243,above  ,very
244,above  ,very
245,above  ,very
246,above  ,very
247,above  ,very
248,above  ,very
249,above  ,very
250,above  ,very
251,above  ,very
252,above  ,very
253,above  ,very
254,above  ,very
255,above  ,very
256,above  ,very
257,above  ,very
258,above  ,very
259,above  ,very
260,above  ,very
261,above  ,very
262,above  ,very
263,above  ,very
264,above  ,very
265,above  ,very
266,above  ,very
267,above  ,very
268,above  ,very
269,above  ,very
270,above  ,very
271,above  ,very
272,above  ,very
273,above  ,very
274,above  ,very
275,above  ,very
276,above  ,very
277,above  ,very
278,above  ,very
279,above  ,very
280,above  ,very
281,above  ,very
282,above  ,very
283,above  ,very
284,above  ,very
285,above  ,very
286,above  ,very
287,above  ,very
288,above  ,very
289,above  ,very
290,above  ,very
291,above  ,very
292,above  ,very
293,above  ,very
294,above  ,very
295,above  ,very
296,above  ,very
297,above  ,very
298,above  ,very
299,above  ,very
300,above  ,very
301,above  ,very
302,above  ,very
303,above  ,very
304,above  ,very
305,above  ,very
306,above  ,very
307,above  ,very
308,above  ,very
309,above  ,very
310,above  ,very
311,above  ,very
312,above  ,very
313,above  ,very
314,above  ,very
315,above  ,very
316,above  ,very
317,above  ,very
318,above  ,very
319,above  ,very
320,above  ,very
321,above  ,very
322,above  ,very
323,above  ,very
324,above  ,very
325,above  ,very
326,above  ,very
327,above  ,very
328,above  ,very
329,above  ,very
330,above  ,very
331,above  ,very
332,above  ,very
333,above  ,very
334,above  ,very
335,above  ,very
336,above  ,very
337,above  ,very
338,above  ,very
339,above  ,very
340,above  ,very
341,above  ,very
342,above  ,very
343,average,not
344,average,not
345,average,not
346,average,not
347,average,not
348,average,not
349,average,not
350,average,not
351,average,not
352,average,not
353,average,not
354,average,not
355,average,not
356,average,not
357,average,not
358,average,not
359,average,not
360,average,not
361,average,not
362,average,not
363,average,not
364,average,not
365,average,not
366,average,not
367,average,not
368,average,not
369,average,not
370,average,not
371,average,not
372,average,not
373,average,not
374,average,not
375,average,not
376,average,not
377,average,not
378,average,not
379,average,not
380,average,not
381,average,not
382,average,not
383,average,not
384,average,not
385,average,not
386,average,not
387,average,not
388,average,not
389,average,not
390,average,not
391,average,not
392,average,not
393,average,not
394,average,not
395,average,not
396,average,not
397,average,not
398,average,not
399,average,not
400,average,not
401,average,not
402,average,not
403,average,not
404,average,not
405,average,not
406,average,not
407,average,not
408,average,not
409,average,not
410,average,not
411,average,not
412,average,not
413,average,not
414,average,not
415,average,not
416,average,not
417,average,not
418,average,not
419,average,not
420,average,not
421,average,not
422,average,not
423,average,not
424,average,not
425,average,not
426,average,pretty
427,average,pretty
428,average,pretty
429,average,pretty
430,average,pretty
431,average,pretty
432,average,pretty
433,average,pretty
434,average,pretty
435,average,pretty
436,average,pretty
437,average,pretty
438,average,pretty
439,average,pretty
440,average,pretty
441,average,pretty
442,average,pretty
443,average,pretty
444,average,pretty
445,average,pretty
446,average,pretty
447,average,pretty
448,average,pretty
449,average,pretty
450,average,pretty
451,average,pretty
452,average,pretty
453,average,pretty
454,average,pretty
455,average,pretty
456,average,pretty
457,average,pretty
458,average,pretty
459,average,pretty
460,average,pretty
461,average,pretty
462,average,pretty
463,average,pretty
464,average,pretty
465,average,pretty
466,average,pretty
467,average,pretty
468,average,pretty
469,average,pretty
470,average,pretty
471,average,pretty
472,average,pretty
473,average,pretty
474,average,pretty
475,average,pretty
476,average,pretty
477,average,pretty
478,average,pretty
479,average,pretty
480,average,pretty
481,average,pretty
482,average,pretty
483,average,pretty
484,average,pretty
485,average,pretty
486,average,pretty
487,average,pretty
488,average,pretty
489,average,pretty
490,average,pretty
491,average,pretty
492,average,pretty
493,average,pretty
494,average,pretty
495,average,pretty
496,average,pretty
497,average,pretty
498,average,pretty
499,average,pretty
500,average,pretty
501,average,pretty
502,average,pretty
503,average,pretty
504,average,pretty
505,average,pretty
506,average,pretty
507,average,pretty
508,average,pretty
509,average,pretty
510,average,pretty
511,average,pretty
512,average,pretty
513,average,pretty
514,average,pretty
515,average,pretty
516,average,pretty
517,average,pretty
518,average,pretty
519,average,pretty
520,average,pretty
521,average,pretty
522,average,pretty
523,average,pretty
524,average,pretty
525,average,pretty
526,average,pretty
527,average,pretty
528,average,pretty
529,average,pretty
530,average,pretty
531,average,pretty
532,average,pretty
533,average,pretty
534,average,pretty
535,average,pretty
536,average,pretty
537,average,pretty
538,average,pretty
539,average,pretty
540,average,pretty
541,average,pretty
542,average,pretty
543,average,pretty
544,average,pretty
545,average,pretty
546,average,pretty
547,average,pretty
548,average,pretty
549,average,pretty
550,average,pretty
551,average,pretty
552,average,pretty
553,average,pretty
554,average,pretty
555,average,pretty
556,average,pretty
557,average,pretty
558,average,pretty
559,average,pretty
560,average,pretty
561,average,pretty
562,average,pretty
563,average,pretty
564,average,pretty
565,average,pretty
566,average,pretty
567,average,pretty
568,average,pretty
569,average,pretty
570,average,pretty
571,average,pretty
572,average,pretty
573,average,pretty
574,average,pretty
575,average,pretty
576,average,pretty
577,average,pretty
578,average,pretty
579,average,pretty
580,average,pretty
581,average,pretty
582,average,pretty
583,average,pretty
584,average,pretty
585,average,pretty
586,average,pretty
587,average,pretty
588,average,pretty
589,average,pretty
590,average,pretty
591,average,pretty
592,average,pretty
593,average,pretty
594,average,pretty
595,average,pretty
596,average,pretty
597,average,pretty
598,average,pretty
599,average,pretty
600,average,pretty
601,average,pretty
602,average,pretty
603,average,pretty
604,average,pretty
605,average,pretty
606,average,pretty
607,average,pretty
608,average,pretty
609,average,pretty
610,average,pretty
611,average,pretty
612,average,pretty
613,average,pretty
614,average,pretty
615,average,pretty
616,average,pretty
617,average,pretty
618,average,pretty
619,average,pretty
620,average,pretty
621,average,pretty
622,average,pretty
623,average,pretty
624,average,pretty
625,average,pretty
626,average,pretty
627,average,pretty
628,average,pretty
629,average,pretty
630,average,pretty
631,average,pretty
632,average,pretty
633,average,pretty
634,average,pretty
635,average,pretty
636,average,pretty
637,average,pretty
638,average,pretty
639,average,pretty
640,average,pretty
641,average,pretty
642,average,pretty
643,average,pretty
644,average,pretty
645,average,pretty
646,average,pretty
647,average,pretty
648,average,pretty
649,average,pretty
650,average,pretty
651,average,pretty
652,average,pretty
653,average,pretty
654,average,pretty
655,average,pretty
656,average,pretty
657,average,pretty
658,average,pretty
659,average,pretty
660,average,pretty
661,average,pretty
662,average,pretty
663,average,pretty
664,average,pretty
665,average,pretty
666,average,pretty
667,average,pretty
668,average,pretty
669,average,pretty
670,average,pretty
671,average,pretty
672,average,pretty
673,average,pretty
674,average,pretty
675,average,pretty
676,average,pretty
677,average,pretty
678,average,pretty
679,average,pretty
680,average,pretty
681,average,pretty
682,average,pretty
683,average,pretty
684,average,pretty
685,average,pretty
686,average,pretty
687,average,pretty
688,average,pretty
689,average,pretty
690,average,pretty
691,average,pretty
692,average,pretty
693,average,pretty
694,average,pretty
695,average,pretty
696,average,pretty
697,average,pretty
698,average,pretty
699,average,pretty
700,average,pretty
701,average,pretty
702,average,pretty
703,average,pretty
704,average,pretty
705,average,pretty
706,average,pretty
707,average,pretty
708,average,pretty
709,average,pretty
710,average,pretty
711,average,pretty
712,average,pretty
713,average,pretty
714,average,pretty
715,average,pretty
716,average,pretty
717,average,pretty
718,average,pretty
719,average,pretty
720,average,pretty
721,average,pretty
722,average,pretty
723,average,pretty
724,average,pretty
725,average,pretty
726,average,pretty
727,average,pretty
728,average,pretty
729,average,pretty
730,average,pretty
731,average,pretty
732,average,pretty
733,average,pretty
734,average,pretty
735,average,pretty
736,average,pretty
737,average,pretty
738,average,pretty
739,average,pretty
740,average,pretty
741,average,pretty
742,average,pretty
743,average,pretty
744,average,pretty
745,average,pretty
746,average,pretty
747,average,pretty
748,average,pretty
749,average,pretty
750,average,pretty
751,average,pretty
752,average,pretty
753,average,pretty
754,average,pretty
755,average,pretty
756,average,pretty
757,average,pretty
758,average,pretty
759,average,pretty
760,average,pretty
761,average,pretty
762,average,pretty
763,average,pretty
764,average,pretty
765,average,pretty
766,average,pretty
767,average,pretty
768,average,pretty
769,average,pretty
770,average,pretty
771,average,pretty
772,average,pretty
773,average,pretty
774,average,pretty
775,average,pretty
776,average,pretty
777,average,pretty
778,average,pretty
779,average,pretty
780,average,pretty
781,average,pretty
782,average,pretty
783,average,pretty
784,average,pretty
785,average,pretty
786,average,pretty
787,average,pretty
788,average,pretty
789,average,pretty
790,average,pretty
791,average,pretty
792,average,pretty
793,average,pretty
794,average,pretty
795,average,pretty
796,average,pretty
797,average,pretty
798,average,pretty
799,average,pretty
800,average,pretty
801,average,pretty
802,average,pretty
803,average,pretty
804,average,pretty
805,average,pretty
806,average,pretty
807,average,pretty
808,average,pretty
809,average,pretty
810,average,pretty
811,average,pretty
812,average,pretty
813,average,pretty
814,average,pretty
815,average,pretty
816,average,pretty
817,average,pretty
818,average,pretty
819,average,pretty
820,average,pretty
821,average,pretty
822,average,pretty
823,average,pretty
824,average,pretty
825,average,pretty
826,average,pretty
827,average,pretty
828,average,pretty
829,average,pretty
830,average,pretty
831,average,pretty
832,average,pretty
833,average,pretty
834,average,pretty
835,average,pretty
836,average,pretty
837,average,pretty
838,average,pretty
839,average,pretty
840,average,pretty
841,average,pretty
842,average,pretty
843,average,pretty
844,average,pretty
845,average,pretty
846,average,pretty
847,average,pretty
848,average,pretty
849,average,pretty
850,average,pretty
851,average,pretty
852,average,pretty
853,average,pretty
854,average,pretty
855,average,pretty
856,average,pretty
857,average,pretty
858,average,pretty
859,average,pretty
860,average,pretty
861,average,pretty
862,average,pretty
863,average,pretty
864,average,pretty
865,average,pretty
866,average,pretty
867,average,pretty
868,average,pretty
869,average,pretty
870,average,pretty
871,average,pretty
872,average,pretty
873,average,pretty
874,average,pretty
875,average,pretty
876,average,pretty
877,average,pretty
878,average,pretty
879,average,pretty
880,average,pretty
881,average,pretty
882,average,pretty
883,average,pretty
884,average,pretty
885,average,pretty
886,average,pretty
887,average,pretty
888,average,pretty
889,average,pretty
890,average,pretty
891,average,pretty
892,average,pretty
893,average,pretty
894,average,pretty
895,average,pretty
896,average,pretty
897,average,pretty
898,average,pretty
899,average,pretty
900,average,pretty
901,average,pretty
902,average,pretty
903,average,pretty
904,average,pretty
905,average,pretty
906,average,pretty
907,average,pretty
908,average,pretty
909,average,pretty
910,average,pretty
911,average,pretty
912,average,pretty
913,average,pretty
914,average,pretty
915,average,pretty
916,average,pretty
917,average,pretty
918,average,pretty
919,average,pretty
920,average,very
921,average,very
922,average,very
923,average,very
924,average,very
925,average,very
926,average,very
927,average,very
928,average,very
929,average,very
930,average,very
931,average,very
932,average,very
933,average,very
934,average,very
935,average,very
936,average,very
937,average,very
938,average,very
939,average,very
940,average,very
941,average,very
942,average,very
943,average,very
944,average,very
945,average,very
946,average,very
947,average,very
948,average,very
949,average,very
950,average,very
951,average,very
952,average,very
953,average,very
954,average,very
955,average,very
956,average,very
957,average,very
958,average,very
959,average,very
960,average,very
961,average,very
962,average,very
963,average,very
964,average,very
965,average,very
966,average,very
967,average,very
968,average,very
969,average,very
970,average,very
971,average,very
972,average,very
973,average,very
974,average,very
975,average,very
976,average,very
977,average,very
978,average,very
979,average,very
980,average,very
981,average,very
982,average,very
983,average,very
984,average,very
985,average,very
986,average,very
987,average,very
988,average,very
989,average,very
990,average,very
991,average,very
992,average,very
993,average,very
994,average,very
995,average,very
996,average,very
997,average,very
998,average,very
999,average,very
1000,average,very
1001,average,very
1002,average,very
1003,average,very
1004,average,very
1005,average,very
1006,average,very
1007,average,very
1008,average,very
1009,average,very
1010,average,very
1011,average,very
1012,average,very
1013,average,very
1014,average,very
1015,average,very
1016,average,very
1017,average,very
1018,average,very
1019,average,very
1020,average,very
1021,average,very
1022,average,very
1023,average,very
1024,average,very
1025,average,very
1026,average,very
1027,average,very
1028,average,very
1029,average,very
1030,average,very
1031,average,very
1032,average,very
1033,average,very
1034,average,very
1035,average,very
1036,average,very
1037,average,very
1038,average,very
1039,average,very
1040,average,very
1041,average,very
1042,average,very
1043,average,very
1044,average,very
1045,average,very
1046,average,very
1047,average,very
1048,average,very
1049,average,very
1050,average,very
1051,average,very
1052,average,very
1053,average,very
1054,average,very
1055,average,very
1056,average,very
1057,average,very
1058,average,very
1059,average,very
1060,average,very
1061,average,very
1062,average,very
1063,average,very
1064,average,very
1065,average,very
1066,average,very
1067,average,very
1068,average,very
1069,average,very
1070,average,very
1071,average,very
1072,average,very
1073,average,very
1074,average,very
1075,average,very
1076,average,very
1077,average,very
1078,average,very
1079,average,very
1080,average,very
1081,average,very
1082,average,very
1083,average,very
1084,average,very
1085,average,very
1086,average,very
1087,average,very
1088,average,very
1089,average,very
1090,average,very
1091,average,very
1092,average,very
1093,average,very
1094,average,very
1095,average,very
1096,average,very
1097,average,very
1098,average,very
1099,average,very
1100,average,very
1101,average,very
1102,average,very
1103,average,very
1104,average,very
1105,average,very
1106,average,very
1107,average,very
1108,average,very
1109,average,very
1110,average,very
1111,average,very
1112,average,very
1113,average,very
1114,average,very
1115,average,very
1116,average,very
1117,average,very
1118,average,very
1119,average,very
1120,average,very
1121,average,very
1122,average,very
1123,average,very
1124,average,very
1125,average,very
1126,average,very
1127,average,very
1128,average,very
1129,average,very
1130,average,very
1131,average,very
1132,average,very
1133,average,very
1134,average,very
1135,average,very
1136,average,very
1137,average,very
1138,average,very
1139,average,very
1140,average,very
1141,average,very
1142,average,very
1143,average,very
1144,average,very
1145,average,very
1146,average,very
1147,average,very
1148,average,very
1149,average,very
1150,average,very
1151,average,very
1152,average,very
1153,average,very
1154,average,very
1155,average,very
1156,average,very
1157,average,very
1158,average,very
1159,average,very
1160,average,very
1161,average,very
1162,average,very
1163,average,very
1164,average,very
1165,average,very
1166,average,very
1167,average,very
1168,average,very
1169,average,very
1170,average,very
1171,average,very
1172,average,very
1173,average,very
1174,average,very
1175,average,very
1176,average,very
1177,average,very
1178,average,very
1179,average,very
1180,average,very
1181,average,very
1182,average,very
1183,average,very
1184,average,very
1185,average,very
1186,average,very
1187,average,very
1188,average,very
1189,average,very
1190,average,very
1191,average,very
1192,average,very
1193,average,very
1194,average,very
1195,average,very
1196,average,very
1197,below  ,not
1198,below  ,not
1199,below  ,not
1200,below  ,not
1201,below  ,not
1202,below  ,not
1203,below  ,not
1204,below  ,not
1205,below  ,not
1206,below  ,not
1207,below  ,not
1208,below  ,not
1209,below  ,not
1210,below  ,not
1211,below  ,not
1212,below  ,not
1213,below  ,not
1214,below  ,not
1215,below  ,not
1216,below  ,not
1217,below  ,not
1218,below  ,not
1219,below  ,not
1220,below  ,not
1221,below  ,not
1222,below  ,not
1223,below  ,not
1224,below  ,not
1225,below  ,not
1226,below  ,not
1227,below  ,not
1228,below  ,not
1229,below  ,not
1230,below  ,not
1231,below  ,not
1232,below  ,not
1233,below  ,not
1234,below  ,not
1235,below  ,not
1236,below  ,not
1237,below  ,not
1238,below  ,not
1239,below  ,not
1240,below  ,not
1241,below  ,not
1242,below  ,not
1243,below  ,not
1244,below  ,not
1245,below  ,not
1246,below  ,not
1247,below  ,not
1248,below  ,not
1249,below  ,not
1250,below  ,not
1251,below  ,not
1252,below  ,not
1253,below  ,not
1254,below  ,not
1255,below  ,not
1256,below  ,not
1257,below  ,not
1258,below  ,not
1259,below  ,not
1260,below  ,not
1261,below  ,not
1262,below  ,not
1263,below  ,not
1264,below  ,not
1265,below  ,not
1266,below  ,not
1267,below  ,not
1268,below  ,not
1269,below  ,not
1270,below  ,not
1271,below  ,not
1272,below  ,not
1273,below  ,not
1274,below  ,not
1275,below  ,not
1276,below  ,not
1277,below  ,not
1278,below  ,not
1279,below  ,not
1280,below  ,not
1281,below  ,not
1282,below  ,not
1283,below  ,not
1284,below  ,not
1285,below  ,not
1286,below  ,not
1287,below  ,not
1288,below  ,not
1289,below  ,not
1290,below  ,not
1291,below  ,not
1292,below  ,not
1293,below  ,not
1294,below  ,not
1295,below  ,not
1296,below  ,not
1297,below  ,not
1298,below  ,not
1299,below  ,not
1300,below  ,not
1301,below  ,pretty
1302,below  ,pretty
1303,below  ,pretty
1304,below  ,pretty
1305,below  ,pretty
1306,below  ,pretty
1307,below  ,pretty
1308,below  ,pretty
1309,below  ,pretty
1310,below  ,pretty
1311,below  ,pretty
1312,below  ,pretty
1313,below  ,pretty
1314,below  ,pretty
1315,below  ,pretty
1316,below  ,pretty
1317,below  ,pretty
1318,below  ,pretty
1319,below  ,pretty
1320,below  ,pretty
1321,below  ,pretty
1322,below  ,pretty
1323,below  ,pretty
1324,below  ,pretty
1325,below  ,pretty
1326,below  ,pretty
1327,below  ,pretty
1328,below  ,pretty
1329,below  ,pretty
1330,below  ,pretty
1331,below  ,pretty
1332,below  ,pretty
1333,below  ,pretty
1334,below  ,pretty
1335,below  ,pretty
1336,below  ,pretty
1337,below  ,pretty
1338,below  ,pretty
1339,below  ,pretty
1340,below  ,pretty
1341,below  ,pretty
1342,below  ,pretty
1343,below  ,pretty
1344,below  ,pretty
1345,below  ,pretty
1346,below  ,pretty
1347,below  ,pretty
1348,below  ,pretty
1349,below  ,pretty
1350,below  ,pretty
1351,below  ,pretty
1352,below  ,pretty
1353,below  ,pretty
1354,below  ,pretty
1355,below  ,pretty
1356,below  ,pretty
1357,below  ,pretty
1358,below  ,pretty
1359,below  ,pretty
1360,below  ,pretty
1361,below  ,pretty
1362,below  ,pretty
1363,below  ,pretty
1364,below  ,pretty
1365,below  ,pretty
1366,below  ,pretty
1367,below  ,pretty
1368,below  ,pretty
1369,below  ,pretty
1370,below  ,pretty
1371,below  ,pretty
1372,below  ,pretty
1373,below  ,pretty
1374,below  ,pretty
1375,below  ,pretty
1376,below  ,pretty
1377,below  ,pretty
1378,below  ,pretty
1379,below  ,pretty
1380,below  ,pretty
1381,below  ,pretty
1382,below  ,pretty
1383,below  ,pretty
1384,below  ,pretty
1385,below  ,pretty
1386,below  ,pretty
1387,below  ,pretty
1388,below  ,pretty
1389,below  ,pretty
1390,below  ,pretty
1391,below  ,pretty
1392,below  ,pretty
1393,below  ,pretty
1394,below  ,pretty
1395,below  ,pretty
1396,below  ,pretty
1397,below  ,pretty
1398,below  ,pretty
1399,below  ,pretty
1400,below  ,pretty
1401,below  ,pretty
1402,below  ,pretty
1403,below  ,pretty
1404,below  ,pretty
1405,below  ,pretty
1406,below  ,pretty
1407,below  ,pretty
1408,below  ,pretty
1409,below  ,pretty
1410,below  ,pretty
1411,below  ,pretty
1412,below  ,pretty
1413,below  ,pretty
1414,below  ,pretty
1415,below  ,pretty
1416,below  ,pretty
1417,below  ,pretty
1418,below  ,pretty
1419,below  ,pretty
1420,below  ,pretty
1421,below  ,pretty
1422,below  ,pretty
1423,below  ,pretty
1424,below  ,pretty
1425,below  ,pretty
1426,below  ,pretty
1427,below  ,pretty
1428,below  ,pretty
1429,below  ,pretty
1430,below  ,pretty
1431,below  ,pretty
1432,below  ,pretty
1433,below  ,pretty
1434,below  ,pretty
1435,below  ,pretty
1436,below  ,pretty
1437,below  ,pretty
1438,below  ,pretty
1439,below  ,pretty
1440,below  ,pretty
1441,below  ,pretty
1442,below  ,pretty
1443,below  ,pretty
1444,below  ,pretty
1445,below  ,pretty
1446,below  ,pretty
1447,below  ,pretty
1448,below  ,pretty
1449,below  ,pretty
1450,below  ,pretty
1451,below  ,pretty
1452,below  ,pretty
1453,below  ,pretty
1454,below  ,pretty
1455,below  ,pretty
1456,below  ,pretty
1457,below  ,pretty
1458,below  ,pretty
1459,below  ,pretty
1460,below  ,pretty
1461,below  ,pretty
1462,below  ,pretty
1463,below  ,pretty
1464,below  ,pretty
1465,below  ,pretty
1466,below  ,pretty
1467,below  ,pretty
1468,below  ,pretty
1469,below  ,pretty
1470,below  ,pretty
1471,below  ,pretty
1472,below  ,pretty
1473,below  ,pretty
1474,below  ,pretty
1475,below  ,pretty
1476,below  ,pretty
1477,below  ,pretty
1478,below  ,pretty
1479,below  ,pretty
1480,below  ,pretty
1481,below  ,pretty
1482,below  ,pretty
1483,below  ,pretty
1484,below  ,pretty
1485,below  ,pretty
1486,below  ,pretty
1487,below  ,pretty
1488,below  ,pretty
1489,below  ,pretty
1490,below  ,pretty
1491,below  ,pretty
1492,below  ,pretty
1493,below  ,pretty
1494,below  ,pretty
1495,below  ,pretty
1496,below  ,pretty
1497,below  ,pretty
1498,below  ,pretty
1499,below  ,pretty
1500,below  ,pretty
1501,below  ,pretty
1502,below  ,pretty
1503,below  ,pretty
1504,below  ,pretty
1505,below  ,pretty
1506,below  ,pretty
1507,below  ,pretty
1508,below  ,pretty
1509,below  ,pretty
1510,below  ,pretty
1511,below  ,pretty
1512,below  ,pretty
1513,below  ,pretty
1514,below  ,pretty
1515,below  ,pretty
1516,below  ,pretty
1517,below  ,pretty
1518,below  ,pretty
1519,below  ,pretty
1520,below  ,pretty
1521,below  ,pretty
1522,below  ,pretty
1523,below  ,pretty
1524,below  ,pretty
1525,below  ,pretty
1526,below  ,pretty
1527,below  ,pretty
1528,below  ,pretty
1529,below  ,pretty
1530,below  ,pretty
1531,below  ,pretty
1532,below  ,pretty
1533,below  ,pretty
1534,below  ,pretty
1535,below  ,pretty
1536,below  ,pretty
1537,below  ,pretty
1538,below  ,pretty
1539,below  ,pretty
1540,below  ,pretty
1541,below  ,pretty
1542,below  ,pretty
1543,below  ,pretty
1544,below  ,pretty
1545,below  ,pretty
1546,below  ,pretty
1547,below  ,pretty
1548,below  ,pretty
1549,below  ,pretty
1550,below  ,pretty
1551,below  ,pretty
1552,below  ,pretty
1553,below  ,pretty
1554,below  ,pretty
1555,below  ,pretty
1556,below  ,pretty
1557,below  ,pretty
1558,below  ,pretty
1559,below  ,pretty
1560,below  ,pretty
1561,below  ,pretty
1562,below  ,pretty
1563,below  ,pretty
1564,below  ,pretty
1565,below  ,pretty
1566,below  ,pretty
1567,below  ,pretty
1568,below  ,pretty
1569,below  ,pretty
1570,below  ,pretty
1571,below  ,pretty
1572,below  ,pretty
1573,below  ,pretty
1574,below  ,pretty
1575,below  ,pretty
1576,below  ,pretty
1577,below  ,pretty
1578,below  ,pretty
1579,below  ,pretty
1580,below  ,pretty
1581,below  ,pretty
1582,below  ,pretty
1583,below  ,pretty
1584,below  ,pretty
1585,below  ,pretty
1586,below  ,pretty
1587,below  ,pretty
1588,below  ,pretty
1589,below  ,pretty
1590,below  ,pretty
1591,below  ,pretty
1592,below  ,pretty
1593,below  ,pretty
1594,below  ,pretty
1595,below  ,pretty
1596,below  ,pretty
1597,below  ,pretty
1598,below  ,pretty
1599,below  ,pretty
1600,below  ,pretty
1601,below  ,pretty
1602,below  ,pretty
1603,below  ,pretty
1604,below  ,pretty
1605,below  ,pretty
1606,below  ,pretty
1607,below  ,pretty
1608,below  ,pretty
1609,below  ,pretty
1610,below  ,pretty
1611,below  ,pretty
1612,below  ,pretty
1613,below  ,pretty
1614,below  ,pretty
1615,below  ,very
1616,below  ,very
1617,below  ,very
1618,below  ,very
1619,below  ,very
1620,below  ,very
1621,below  ,very
1622,below  ,very
1623,below  ,very
1624,below  ,very
1625,below  ,very
1626,below  ,very
1627,below  ,very
1628,below  ,very
1629,below  ,very
1630,below  ,very
1631,below  ,very
1632,below  ,very
1633,below  ,very
1634,below  ,very
1635,below  ,very
1636,below  ,very
1637,below  ,very
1638,below  ,very
1639,below  ,very
1640,below  ,very
1641,below  ,very
1642,below  ,very
1643,below  ,very
1644,below  ,very
1645,below  ,very
1646,below  ,very
1647,below  ,very
1648,below  ,very
1649,below  ,very
1650,below  ,very
1651,below  ,very
1652,below  ,very
1653,below  ,very
1654,below  ,very
1655,below  ,very
1656,below  ,very
1657,below  ,very
1658,below  ,very
1659,below  ,very
1660,below  ,very
1661,below  ,very
1662,below  ,very
1663,below  ,very
1664,below  ,very
1665,below  ,very
1666,below  ,very
1667,below  ,very
1668,below  ,very
1669,below  ,very
1670,below  ,very
1671,below  ,very
1672,below  ,very
1673,below  ,very
1674,below  ,very
1675,below  ,very
1676,below  ,very
1677,below  ,very
1678,below  ,very
1679,below  ,very
1680,below  ,very
1681,below  ,very
1682,below  ,very
1683,below  ,very
1684,below  ,very
1685,below  ,very
1686,below  ,very
1687,below  ,very
1688,below  ,very
1689,below  ,very
1690,below  ,very
1691,below  ,very
1692,below  ,very
1693,below  ,very
1694,below  ,very
1695,below  ,very
1696,below  ,very
1697,below  ,very
1698,below  ,very
1699,below  ,very
1700,below  ,very
1701,below  ,very
1702,below  ,very
1703,below  ,very
1704,below  ,very
1705,below  ,very
1706,below  ,very
1707,below  ,very
1708,below  ,very
1709,below  ,very
1710,below  ,very
1711,below  ,very
1712,below  ,very
1713,below  ,very
1714,below  ,very
1715,below  ,very
1716,below  ,very
1717,below  ,very
1718,below  ,very
1719,below  ,very
1720,below  ,very
1721,below  ,very
1722,below  ,very
1723,below  ,very
1724,below  ,very
1725,below  ,very
1726,below  ,very
1727,below  ,very
1728,below  ,very
1729,below  ,very
1730,below  ,very
1731,below  ,very
1732,below  ,very
1733,below  ,very
